{
  "global": [
    {
      "type": "SET_MODEL_NAME",
      "input": {
        "name": "IntegrationSettings"
      },
      "scope": "global",
      "id": "3c554a4e-e6f3-4ebe-9ca3-817a6d137540",
      "index": 0,
      "timestamp": "2025-02-03T16:42:40.315Z",
      "hash": "I3EoimnL/IdMIMhcxoOGFSwkDH4=",
      "skip": 0
    },
    {
      "type": "SET_STATE_SCHEMA",
      "input": {
        "schema": "type IntegrationSettingsState {\n  \"Add your global state fields here\"\n  _placeholder: String\n}",
        "scope": "global"
      },
      "scope": "global",
      "id": "d79fbdd0-2921-4876-a39e-62d22326ff16",
      "index": 1,
      "timestamp": "2025-02-03T16:42:40.315Z",
      "hash": "ObfKTSz+FckEnF79ix11URhcKes=",
      "skip": 0
    },
    {
      "type": "SET_MODEL_ID",
      "input": {
        "id": "powerhouse/integration-settings"
      },
      "scope": "global",
      "id": "c2439ec5-8968-4899-a62b-c3f41b3528de",
      "index": 2,
      "timestamp": "2025-02-03T16:42:49.126Z",
      "hash": "XVxbAf0mVfT4KxdJ1dYH0839P2Q=",
      "skip": 0
    },
    {
      "type": "SET_AUTHOR_NAME",
      "input": {
        "authorName": "Liberuum"
      },
      "scope": "global",
      "id": "5f00783c-c65a-46b7-b8a2-fd63e2838ac9",
      "index": 3,
      "timestamp": "2025-02-03T16:42:53.225Z",
      "hash": "Tokj6dvqinVx2KbGgTPYEibp3YU=",
      "skip": 0
    },
    {
      "type": "SET_AUTHOR_WEBSITE",
      "input": {
        "authorWebsite": "https://powerhouse.inc"
      },
      "scope": "global",
      "id": "d63a9037-4121-4602-ac9d-ebab762bb50c",
      "index": 4,
      "timestamp": "2025-02-03T16:43:02.097Z",
      "hash": "ZDAv8nbYX22QLJhnMNK/XHEWoA4=",
      "skip": 0
    },
    {
      "type": "SET_MODEL_DESCRIPTION",
      "input": {
        "description": "Model containing fields for integration settings"
      },
      "scope": "global",
      "id": "7a94dcbc-f2ec-4693-a8da-03df5cdfb4d6",
      "index": 5,
      "timestamp": "2025-02-03T16:43:39.404Z",
      "hash": "gU6Uv2yF9BxZzz1w2Z4ZfjhAb+s=",
      "skip": 0
    },
    {
      "type": "SET_MODEL_EXTENSION",
      "input": {
        "extension": ".phdm"
      },
      "scope": "global",
      "id": "81e56e95-baca-4954-a2ae-73a7975460c4",
      "index": 6,
      "timestamp": "2025-02-03T16:43:41.824Z",
      "hash": "R5PrKOn/ydzEosW/iN78Gu1n6fw=",
      "skip": 0
    },
    {
      "type": "SET_STATE_SCHEMA",
      "input": {
        "schema": "type IntegrationSettingsState {\n  requestFinance: \n}",
        "scope": "global"
      },
      "scope": "global",
      "id": "a310320f-fec4-437b-bd1b-cda1b2a6fb4d",
      "index": 7,
      "timestamp": "2025-02-03T16:43:58.831Z",
      "hash": "QLIXfeSTcLOxAe985hHPVwsH2kQ=",
      "skip": 0
    },
    {
      "type": "SET_STATE_SCHEMA",
      "input": {
        "schema": "type IntegrationSettingsState {\n  requestFinance: String,\n  gnosisSafe: String\n}\n\ntype RequestFinance {\n  accountEmail: EmailAddress\n  appId: \n}",
        "scope": "global"
      },
      "scope": "global",
      "id": "f305002d-aa55-441e-a595-d1b15ac0b888",
      "index": 8,
      "timestamp": "2025-02-03T16:44:37.539Z",
      "hash": "jRdHuQbOT5AnrQW1QF44XXMD7Sg=",
      "skip": 0
    },
    {
      "type": "SET_STATE_SCHEMA",
      "input": {
        "schema": "type IntegrationSettingsState {\n  requestFinance: String,\n  gnosisSafe: String\n}\n\ntype RequestFinance {\n  accountEmail: EmailAddress\n  appId: String!\n  \n}",
        "scope": "global"
      },
      "scope": "global",
      "id": "a6c0660d-fbd0-4968-9269-edf6f8221c0e",
      "index": 9,
      "timestamp": "2025-02-03T16:44:51.499Z",
      "hash": "gGRC5U/ZfzEY7RSBiu4gGxk5j40=",
      "skip": 0
    },
    {
      "type": "SET_STATE_SCHEMA",
      "input": {
        "schema": "type IntegrationSettingsState {\n  requestFinance: String,\n  gnosisSafe: String\n}\n\ntype RequestFinance {\n  accountEmail: EmailAddress\n  appId: String\n  appSecret: String\n}\n\ntype GnosisSafe",
        "scope": "global"
      },
      "scope": "global",
      "id": "3403e47f-2aaf-4a5c-a860-0affe23f436c",
      "index": 10,
      "timestamp": "2025-02-03T16:45:06.167Z",
      "hash": "hCLpuAHAGme/QWZ9D7luhwwXh9g=",
      "skip": 0
    },
    {
      "type": "SET_STATE_SCHEMA",
      "input": {
        "schema": "type IntegrationSettingsState {\n  requestFinance: String,\n  gnosisSafe: String\n}\n\ntype RequestFinance {\n  accountEmail: EmailAddress\n  appId: String\n  appSecret: String\n}\n\ntype GnosisSafe {\n  \n}",
        "scope": "global"
      },
      "scope": "global",
      "id": "e78dd664-bcd3-48fe-8c8b-5c167dbb8628",
      "index": 11,
      "timestamp": "2025-02-03T16:45:13.478Z",
      "hash": "sH7Hyg5PuTpM+Y3lqSb/9NQ6gdk=",
      "skip": 0
    },
    {
      "type": "SET_STATE_SCHEMA",
      "input": {
        "schema": "type IntegrationSettingsState {\n  requestFinance: String,\n  gnosisSafe: String\n}\n\ntype RequestFinance {\n  accountEmail: EmailAddress\n  appId: String\n  appSecret: String\n}\n\ntype GnosisSafe {\n  wallets: [Wallet]\n}\n\ntype Wallet {\n  name: String\n  address: String\n  privateKey: String\n}",
        "scope": "global"
      },
      "scope": "global",
      "id": "75fc6cf2-04a2-44d6-a475-4c8db6baaa81",
      "index": 12,
      "timestamp": "2025-02-03T16:45:58.055Z",
      "hash": "lm3xZU9RzV+beXJVI16GP/ex7bQ=",
      "skip": 0
    },
    {
      "type": "SET_STATE_SCHEMA",
      "input": {
        "schema": "type IntegrationSettingsState {\n  requestFinance: RequestFinance,\n  gnosisSafe: String\n}\n\ntype RequestFinance {\n  accountEmail: EmailAddress\n  appId: String\n  appSecret: String\n}\n\ntype GnosisSafe {\n  wallets: [Wallet]\n}\n\ntype Wallet {\n  name: String\n  address: String\n  privateKey: String\n}",
        "scope": "global"
      },
      "scope": "global",
      "id": "58315bb8-ee34-4010-adb9-eb58accffbda",
      "index": 13,
      "timestamp": "2025-02-03T16:58:32.760Z",
      "hash": "2e2bGq8fDSrWGsmT860DC6YrOhw=",
      "skip": 0
    },
    {
      "type": "SET_STATE_SCHEMA",
      "input": {
        "schema": "type IntegrationSettingsState {\n  requestFinance: RequestFinance,\n  gnosisSafe: GnosisSafe\n}\n\ntype RequestFinance {\n  accountEmail: EmailAddress\n  appId: String\n  appSecret: String\n}\n\ntype GnosisSafe {\n  wallets: [Wallet]\n}\n\ntype Wallet {\n  name: String\n  address: String\n  privateKey: String\n}",
        "scope": "global"
      },
      "scope": "global",
      "id": "f327995e-8bd9-42f7-9dd6-239ee11eef0b",
      "index": 14,
      "timestamp": "2025-02-03T16:58:42.494Z",
      "hash": "7dpqxwGpOp2ClBVdmnfUn5qM5bQ=",
      "skip": 0
    },
    {
      "type": "SET_INITIAL_STATE",
      "input": {
        "initialValue": "{\n  \"requestFinance\": {\n    \"accountEmail\": \"\",\n    \"appId\": \"\",\n    \"appSecret\": \"\"\n  },\n  \"gnosisSafe\": {\n    \"wallets\": []\n  }\n}",
        "scope": "global"
      },
      "scope": "global",
      "id": "7b76caaf-7c43-4d15-97d2-8350153a241f",
      "index": 15,
      "timestamp": "2025-02-03T16:58:42.821Z",
      "hash": "sABH7t+0frK9aGO3F9hQ+KFhmd0=",
      "skip": 0
    },
    {
      "type": "ADD_MODULE",
      "input": {
        "id": "t2IEjB2kZRQPiiGgEY+J3dqQCWQ=",
        "name": "settings"
      },
      "scope": "global",
      "id": "19900424-e014-4160-969e-8cd3c3f171c1",
      "index": 16,
      "timestamp": "2025-02-03T16:59:08.896Z",
      "hash": "MK2ZKLltfUAsCGvNdRK2Y/csfGY=",
      "skip": 0
    },
    {
      "type": "ADD_OPERATION",
      "input": {
        "id": "73NxakzeWXR9w+77lD79XP++0iM=",
        "moduleId": "t2IEjB2kZRQPiiGgEY+J3dqQCWQ=",
        "name": "UPDATE_REQUEST_FINANCE"
      },
      "scope": "global",
      "id": "5365dc4d-3840-4bbb-ba6d-ee981ca2a21c",
      "index": 17,
      "timestamp": "2025-02-03T16:59:22.919Z",
      "hash": "q8AiYnx3QKBAfn3S03/RwtPUZG0=",
      "skip": 0
    },
    {
      "type": "SET_OPERATION_SCHEMA",
      "input": {
        "id": "73NxakzeWXR9w+77lD79XP++0iM=",
        "schema": "input UpdateRequestFinanceInput {\n  \"Add your inputs here\"\n  _placeholder: String\n}"
      },
      "scope": "global",
      "id": "af8af0ca-c2d5-4227-a672-db5a8d8da6ba",
      "index": 18,
      "timestamp": "2025-02-03T16:59:22.939Z",
      "hash": "E0Pt+NFhL1bs+JAipLlsHaltJAo=",
      "skip": 0
    },
    {
      "type": "SET_OPERATION_SCHEMA",
      "input": {
        "id": "73NxakzeWXR9w+77lD79XP++0iM=",
        "schema": "input UpdateRequestFinanceInput {\n  accountEmail: EmailAddress\n  appId: String\n  appSecret: String\n}"
      },
      "scope": "global",
      "id": "db6003e2-d6dd-4f48-af5d-97059e85c453",
      "index": 19,
      "timestamp": "2025-02-03T16:59:37.849Z",
      "hash": "2R51fbK+GKP9sZIcrFl9YYKZNY0=",
      "skip": 0
    },
    {
      "type": "ADD_OPERATION",
      "input": {
        "id": "7d82x7A16/Z60m0z8uyS51OxiAg=",
        "moduleId": "t2IEjB2kZRQPiiGgEY+J3dqQCWQ=",
        "name": "UPDATE_GNOSIS_SAFE"
      },
      "scope": "global",
      "id": "bd41d23a-3464-4b9e-bf5c-8b4396647c2f",
      "index": 20,
      "timestamp": "2025-02-03T17:00:25.333Z",
      "hash": "4nKySaB0B/GccqTKWmudwigsQB0=",
      "skip": 0
    },
    {
      "type": "SET_OPERATION_SCHEMA",
      "input": {
        "id": "7d82x7A16/Z60m0z8uyS51OxiAg=",
        "schema": "input UpdateGnosisSafeInput {\n  \"Add your inputs here\"\n  _placeholder: String\n}"
      },
      "scope": "global",
      "id": "2a3f83ea-3ace-4f01-9a59-b5f47531c57c",
      "index": 21,
      "timestamp": "2025-02-03T17:00:25.350Z",
      "hash": "xri3IbF6Iv51r7hYugzv1IZh2M0=",
      "skip": 0
    },
    {
      "type": "SET_OPERATION_SCHEMA",
      "input": {
        "id": "7d82x7A16/Z60m0z8uyS51OxiAg=",
        "schema": "input UpdateGnosisSafeInput {\n  name: String\n  address: String\n  privateKey: String\n}"
      },
      "scope": "global",
      "id": "a2ab1099-d730-4cb3-911e-e064949040f1",
      "index": 22,
      "timestamp": "2025-02-03T17:12:29.693Z",
      "hash": "dJgSc+6ILDA/9SxM35T43fmk5u4=",
      "skip": 0
    },
    {
      "type": "ADD_OPERATION",
      "input": {
        "id": "lYaKpXnwMtQ1hHCUmcg+kGUaSAw=",
        "moduleId": "t2IEjB2kZRQPiiGgEY+J3dqQCWQ=",
        "name": "DELETE_GNOSIS_WALLET"
      },
      "scope": "global",
      "id": "97414bf0-9194-4675-bbed-45e0bbcdd26b",
      "index": 23,
      "timestamp": "2025-02-03T17:12:57.858Z",
      "hash": "L5w+F6Yz2N54dVhJPL2nDAwfbgE=",
      "skip": 0
    },
    {
      "type": "SET_OPERATION_SCHEMA",
      "input": {
        "id": "lYaKpXnwMtQ1hHCUmcg+kGUaSAw=",
        "schema": "input DeleteGnosisWalletInput {\n  \"Add your inputs here\"\n  _placeholder: String\n}"
      },
      "scope": "global",
      "id": "673e8292-c8e3-469b-8b90-fa6c941d0185",
      "index": 24,
      "timestamp": "2025-02-03T17:12:57.880Z",
      "hash": "YfeYQVKIAFmh4qATar+fOYP18Ws=",
      "skip": 0
    },
    {
      "type": "SET_OPERATION_SCHEMA",
      "input": {
        "id": "lYaKpXnwMtQ1hHCUmcg+kGUaSAw=",
        "schema": "input DeleteGnosisWalletInput {\n  address: String\n}"
      },
      "scope": "global",
      "id": "1c5f3f47-7d6b-4dbd-bb57-1e4753dff3c7",
      "index": 25,
      "timestamp": "2025-02-03T17:15:08.789Z",
      "hash": "gqqteCmXwdFjEvSWgt9PNS9fe8o=",
      "skip": 0
    }
  ],
  "local": []
}