{
  "global": [
    {
      "type": "SET_MODEL_NAME",
      "input": {
        "name": "AtlasScope"
      },
      "scope": "global",
      "id": "64510d70-7ac4-4a9c-b087-54f9ddd14c61",
      "index": 0,
      "timestamp": "2024-12-04T08:34:09.529Z",
      "hash": "Cznq6aAA+bs9o/xt0heilkZ9KgI=",
      "skip": 0
    },
    {
      "type": "SET_STATE_SCHEMA",
      "input": {
        "schema": "type AtlasScopeState {\n  \"Add your global state fields here\"\n  _placeholder: String\n}",
        "scope": "global"
      },
      "scope": "global",
      "id": "e6480b2d-cb8b-4755-ac15-aa728662604e",
      "index": 1,
      "timestamp": "2024-12-04T08:34:09.545Z",
      "hash": "d17sey3oCjvs4Jk8QAWLmnUkbxw=",
      "skip": 0
    },
    {
      "type": "SET_STATE_SCHEMA",
      "input": {
        "schema": "type ScopeState {\n  name: String\n  docNo: String # e.g, A.1\n  content: String # change to markdown later (includes links, tables...)\n  masterStatus: [Status!]! # Aggregation: MasterStatus can exist independently of Scope\n  globalTags: [GlobalTag!]!\n\toriginalContextData: [PHID!]!\n\tprovenance: URL # p0Hub backlink\n\tnotionId: String # verify if this can be changed to UUID type\n}\n\n\nenum Status {\n  PLACEHOLDER\n  PROVISIONAL # enables ecosystem participants to interact with the material in a practical context, resulting in valuable feedback or other data concerning the Document's appropriateness.\n  APPROVED # material instance can be integrated into the Atlas\n  DEFERRED\n  ARCHIVED\n}\n\nenum GlobalTag {\n    RECURSIVE_IMPROVEMENT,\n    SCOPE_ADVISOR,\n    DAO_TOOLKIT,\n    PURPOSE_SYSTEM,\n    ML_-_LOW_PRIORITY,\n    EXTERNAL_REFERENCE,\n    ML_-_DEFER,\n    SUBDAO_INCUBATION,\n    V1_-_MIP,\n    ML_-__HIGH_PRIORITY,\n    ECOSYSTEM_INTELLIGENCE,\n    LEGACY_TERM_-_USE_APPROVED,\n    CAIS,\n    INTERNAL_REFERENCE,\n    FACILITATORDAO,\n    ML_-__MED_PRIORITY,\n    AVC,\n    P0_HUB_ENTRY_NEEDED,\n    ANON_WORKFORCE,\n    NEWCHAIN,\n    ML_-_SUPPORT._DOCS_NEEDED,\n    SUBDAO_REWARDS,\n    TWO-STAGE_BRIDGE,\n}\n",
        "scope": "global"
      },
      "scope": "global",
      "id": "2aa2a7cb-aae3-4d03-b830-f942ccc9751b",
      "index": 2,
      "timestamp": "2024-12-04T08:34:17.572Z",
      "hash": "jRvqvmQoF+gx0QiPt8BowjfXTSA=",
      "skip": 0
    },
    {
      "type": "SET_STATE_SCHEMA",
      "input": {
        "schema": "type AtlasScopeState {\n  name: String\n  docNo: String # e.g, A.1\n  content: String # change to markdown later (includes links, tables...)\n  masterStatus: [Status!]! # Aggregation: MasterStatus can exist independently of Scope\n  globalTags: [GlobalTag!]!\n\toriginalContextData: [PHID!]!\n\tprovenance: URL # p0Hub backlink\n\tnotionId: String # verify if this can be changed to UUID type\n}\n\n\nenum Status {\n  PLACEHOLDER\n  PROVISIONAL # enables ecosystem participants to interact with the material in a practical context, resulting in valuable feedback or other data concerning the Document's appropriateness.\n  APPROVED # material instance can be integrated into the Atlas\n  DEFERRED\n  ARCHIVED\n}\n\nenum GlobalTag {\n    RECURSIVE_IMPROVEMENT,\n    SCOPE_ADVISOR,\n    DAO_TOOLKIT,\n    PURPOSE_SYSTEM,\n    ML_-_LOW_PRIORITY,\n    EXTERNAL_REFERENCE,\n    ML_-_DEFER,\n    SUBDAO_INCUBATION,\n    V1_-_MIP,\n    ML_-__HIGH_PRIORITY,\n    ECOSYSTEM_INTELLIGENCE,\n    LEGACY_TERM_-_USE_APPROVED,\n    CAIS,\n    INTERNAL_REFERENCE,\n    FACILITATORDAO,\n    ML_-__MED_PRIORITY,\n    AVC,\n    P0_HUB_ENTRY_NEEDED,\n    ANON_WORKFORCE,\n    NEWCHAIN,\n    ML_-_SUPPORT._DOCS_NEEDED,\n    SUBDAO_REWARDS,\n    TWO-STAGE_BRIDGE,\n}\n",
        "scope": "global"
      },
      "scope": "global",
      "id": "a1b68741-63ce-4cb9-b049-1ede4c120d11",
      "index": 3,
      "timestamp": "2024-12-04T08:34:21.568Z",
      "hash": "IlnuUQ3MawZUebchAHG8Ufee90M=",
      "skip": 0
    },
    {
      "type": "SET_STATE_SCHEMA",
      "input": {
        "schema": "type AtlasScopeState {\n  name: String\n  docNo: String # e.g, A.1\n  content: String # change to markdown later (includes links, tables...)\n  masterStatus: [Status!]! # Aggregation: MasterStatus can exist independently of Scope\n  globalTags: [GlobalTag!]!\n\toriginalContextData: [PHID!]!\n\tprovenance: URL # p0Hub backlink\n\tnotionId: String # verify if this can be changed to UUID type\n}\n\n\nenum Status {\n  PLACEHOLDER\n  PROVISIONAL # enables ecosystem participants to interact with the material in a practical context, resulting in valuable feedback or other data concerning the Document's appropriateness.\n  APPROVED # material instance can be integrated into the Atlas\n  DEFERRED\n  ARCHIVED\n}\n\nenum GlobalTag {\n    RECURSIVE_IMPROVEMENT,\n    SCOPE_ADVISOR,\n    DAO_TOOLKIT,\n    PURPOSE_SYSTEM,\n    ML__LOW_PRIORITY,\n    EXTERNAL_REFERENCE,\n    ML_-_DEFER,\n    SUBDAO_INCUBATION,\n    V1_-_MIP,\n    ML_-__HIGH_PRIORITY,\n    ECOSYSTEM_INTELLIGENCE,\n    LEGACY_TERM_-_USE_APPROVED,\n    CAIS,\n    INTERNAL_REFERENCE,\n    FACILITATORDAO,\n    ML_-__MED_PRIORITY,\n    AVC,\n    P0_HUB_ENTRY_NEEDED,\n    ANON_WORKFORCE,\n    NEWCHAIN,\n    ML_-_SUPPORT._DOCS_NEEDED,\n    SUBDAO_REWARDS,\n    TWO-STAGE_BRIDGE,\n}\n",
        "scope": "global"
      },
      "scope": "global",
      "id": "693bf41a-e224-4510-9256-765de20a8c32",
      "index": 4,
      "timestamp": "2024-12-04T08:34:26.914Z",
      "hash": "FwzFKH/lNBScAuuVZ9dPQCb7btc=",
      "skip": 0
    },
    {
      "type": "SET_STATE_SCHEMA",
      "input": {
        "schema": "type AtlasScopeState {\n  name: String\n  docNo: String # e.g, A.1\n  content: String # change to markdown later (includes links, tables...)\n  masterStatus: [Status!]! # Aggregation: MasterStatus can exist independently of Scope\n  globalTags: [GlobalTag!]!\n\toriginalContextData: [PHID!]!\n\tprovenance: URL # p0Hub backlink\n\tnotionId: String # verify if this can be changed to UUID type\n}\n\n\nenum Status {\n  PLACEHOLDER\n  PROVISIONAL # enables ecosystem participants to interact with the material in a practical context, resulting in valuable feedback or other data concerning the Document's appropriateness.\n  APPROVED # material instance can be integrated into the Atlas\n  DEFERRED\n  ARCHIVED\n}\n\nenum GlobalTag {\n    RECURSIVE_IMPROVEMENT,\n    SCOPE_ADVISOR,\n    DAO_TOOLKIT,\n    PURPOSE_SYSTEM,\n    ML__LOW_PRIORITY,\n    EXTERNAL_REFERENCE,\n    ML__DEFER,\n    SUBDAO_INCUBATION,\n    V1_-_MIP,\n    ML_-__HIGH_PRIORITY,\n    ECOSYSTEM_INTELLIGENCE,\n    LEGACY_TERM_-_USE_APPROVED,\n    CAIS,\n    INTERNAL_REFERENCE,\n    FACILITATORDAO,\n    ML_-__MED_PRIORITY,\n    AVC,\n    P0_HUB_ENTRY_NEEDED,\n    ANON_WORKFORCE,\n    NEWCHAIN,\n    ML_-_SUPPORT._DOCS_NEEDED,\n    SUBDAO_REWARDS,\n    TWO-STAGE_BRIDGE,\n}\n",
        "scope": "global"
      },
      "scope": "global",
      "id": "142147af-e3e6-4b79-b2df-09622fe22485",
      "index": 5,
      "timestamp": "2024-12-04T08:34:29.180Z",
      "hash": "RAFEKJI3d7G2rgtAX37afjyMWig=",
      "skip": 0
    },
    {
      "type": "SET_STATE_SCHEMA",
      "input": {
        "schema": "type AtlasScopeState {\n  name: String\n  docNo: String # e.g, A.1\n  content: String # change to markdown later (includes links, tables...)\n  masterStatus: [Status!]! # Aggregation: MasterStatus can exist independently of Scope\n  globalTags: [GlobalTag!]!\n\toriginalContextData: [PHID!]!\n\tprovenance: URL # p0Hub backlink\n\tnotionId: String # verify if this can be changed to UUID type\n}\n\n\nenum Status {\n  PLACEHOLDER\n  PROVISIONAL # enables ecosystem participants to interact with the material in a practical context, resulting in valuable feedback or other data concerning the Document's appropriateness.\n  APPROVED # material instance can be integrated into the Atlas\n  DEFERRED\n  ARCHIVED\n}\n\nenum GlobalTag {\n    RECURSIVE_IMPROVEMENT,\n    SCOPE_ADVISOR,\n    DAO_TOOLKIT,\n    PURPOSE_SYSTEM,\n    ML__LOW_PRIORITY,\n    EXTERNAL_REFERENCE,\n    ML__DEFER,\n    SUBDAO_INCUBATION,\n    V1__MIP,\n    ML_-__HIGH_PRIORITY,\n    ECOSYSTEM_INTELLIGENCE,\n    LEGACY_TERM_-_USE_APPROVED,\n    CAIS,\n    INTERNAL_REFERENCE,\n    FACILITATORDAO,\n    ML_-__MED_PRIORITY,\n    AVC,\n    P0_HUB_ENTRY_NEEDED,\n    ANON_WORKFORCE,\n    NEWCHAIN,\n    ML_-_SUPPORT._DOCS_NEEDED,\n    SUBDAO_REWARDS,\n    TWO-STAGE_BRIDGE,\n}\n",
        "scope": "global"
      },
      "scope": "global",
      "id": "8a8d09f8-baf4-4e62-b507-60bf1cbef54c",
      "index": 6,
      "timestamp": "2024-12-04T08:34:31.228Z",
      "hash": "wO4lhB4ZTYpilgwpQyvRg/NhoxA=",
      "skip": 0
    },
    {
      "type": "SET_STATE_SCHEMA",
      "input": {
        "schema": "type AtlasScopeState {\n  name: String\n  docNo: String # e.g, A.1\n  content: String # change to markdown later (includes links, tables...)\n  masterStatus: [Status!]! # Aggregation: MasterStatus can exist independently of Scope\n  globalTags: [GlobalTag!]!\n\toriginalContextData: [PHID!]!\n\tprovenance: URL # p0Hub backlink\n\tnotionId: String # verify if this can be changed to UUID type\n}\n\n\nenum Status {\n  PLACEHOLDER\n  PROVISIONAL # enables ecosystem participants to interact with the material in a practical context, resulting in valuable feedback or other data concerning the Document's appropriateness.\n  APPROVED # material instance can be integrated into the Atlas\n  DEFERRED\n  ARCHIVED\n}\n\nenum GlobalTag {\n    RECURSIVE_IMPROVEMENT,\n    SCOPE_ADVISOR,\n    DAO_TOOLKIT,\n    PURPOSE_SYSTEM,\n    ML__LOW_PRIORITY,\n    EXTERNAL_REFERENCE,\n    ML__DEFER,\n    SUBDAO_INCUBATION,\n    V1__MIP,\n    ML_-_HIGH_PRIORITY,\n    ECOSYSTEM_INTELLIGENCE,\n    LEGACY_TERM_-_USE_APPROVED,\n    CAIS,\n    INTERNAL_REFERENCE,\n    FACILITATORDAO,\n    ML_-__MED_PRIORITY,\n    AVC,\n    P0_HUB_ENTRY_NEEDED,\n    ANON_WORKFORCE,\n    NEWCHAIN,\n    ML_-_SUPPORT._DOCS_NEEDED,\n    SUBDAO_REWARDS,\n    TWO-STAGE_BRIDGE,\n}\n",
        "scope": "global"
      },
      "scope": "global",
      "id": "44c0b378-537a-42d2-a945-28b956c2e66f",
      "index": 7,
      "timestamp": "2024-12-04T08:34:33.623Z",
      "hash": "v0pLcfOicW8sAEMpX5uEbA3sPCc=",
      "skip": 0
    },
    {
      "type": "SET_STATE_SCHEMA",
      "input": {
        "schema": "type AtlasScopeState {\n  name: String\n  docNo: String # e.g, A.1\n  content: String # change to markdown later (includes links, tables...)\n  masterStatus: [Status!]! # Aggregation: MasterStatus can exist independently of Scope\n  globalTags: [GlobalTag!]!\n\toriginalContextData: [PHID!]!\n\tprovenance: URL # p0Hub backlink\n\tnotionId: String # verify if this can be changed to UUID type\n}\n\n\nenum Status {\n  PLACEHOLDER\n  PROVISIONAL # enables ecosystem participants to interact with the material in a practical context, resulting in valuable feedback or other data concerning the Document's appropriateness.\n  APPROVED # material instance can be integrated into the Atlas\n  DEFERRED\n  ARCHIVED\n}\n\nenum GlobalTag {\n    RECURSIVE_IMPROVEMENT,\n    SCOPE_ADVISOR,\n    DAO_TOOLKIT,\n    PURPOSE_SYSTEM,\n    ML__LOW_PRIORITY,\n    EXTERNAL_REFERENCE,\n    ML__DEFER,\n    SUBDAO_INCUBATION,\n    V1__MIP,\n    ML__HIGH_PRIORITY,\n    ECOSYSTEM_INTELLIGENCE,\n    LEGACY_TERM_-_USE_APPROVED,\n    CAIS,\n    INTERNAL_REFERENCE,\n    FACILITATORDAO,\n    ML_-__MED_PRIORITY,\n    AVC,\n    P0_HUB_ENTRY_NEEDED,\n    ANON_WORKFORCE,\n    NEWCHAIN,\n    ML_-_SUPPORT._DOCS_NEEDED,\n    SUBDAO_REWARDS,\n    TWO-STAGE_BRIDGE,\n}\n",
        "scope": "global"
      },
      "scope": "global",
      "id": "6d4b14a7-1422-4020-b991-7739f8cf162f",
      "index": 8,
      "timestamp": "2024-12-04T08:34:34.223Z",
      "hash": "nxu6J7vyznCu75fyCqIvQL0pkAE=",
      "skip": 0
    },
    {
      "type": "SET_STATE_SCHEMA",
      "input": {
        "schema": "type AtlasScopeState {\n  name: String\n  docNo: String # e.g, A.1\n  content: String # change to markdown later (includes links, tables...)\n  masterStatus: [Status!]! # Aggregation: MasterStatus can exist independently of Scope\n  globalTags: [GlobalTag!]!\n\toriginalContextData: [PHID!]!\n\tprovenance: URL # p0Hub backlink\n\tnotionId: String # verify if this can be changed to UUID type\n}\n\n\nenum Status {\n  PLACEHOLDER\n  PROVISIONAL # enables ecosystem participants to interact with the material in a practical context, resulting in valuable feedback or other data concerning the Document's appropriateness.\n  APPROVED # material instance can be integrated into the Atlas\n  DEFERRED\n  ARCHIVED\n}\n\nenum GlobalTag {\n    RECURSIVE_IMPROVEMENT,\n    SCOPE_ADVISOR,\n    DAO_TOOLKIT,\n    PURPOSE_SYSTEM,\n    ML__LOW_PRIORITY,\n    EXTERNAL_REFERENCE,\n    ML__DEFER,\n    SUBDAO_INCUBATION,\n    V1__MIP,\n    ML__HIGH_PRIORITY,\n    ECOSYSTEM_INTELLIGENCE,\n    LEGACY_TERM__USE_APPROVED,\n    CAIS,\n    INTERNAL_REFERENCE,\n    FACILITATORDAO,\n    ML_-__MED_PRIORITY,\n    AVC,\n    P0_HUB_ENTRY_NEEDED,\n    ANON_WORKFORCE,\n    NEWCHAIN,\n    ML_-_SUPPORT._DOCS_NEEDED,\n    SUBDAO_REWARDS,\n    TWO-STAGE_BRIDGE,\n}\n",
        "scope": "global"
      },
      "scope": "global",
      "id": "74df2660-189e-4b1a-8658-f834e401aa95",
      "index": 9,
      "timestamp": "2024-12-04T08:34:36.459Z",
      "hash": "0xwegkIGx0SPlj80BY29rukYj4U=",
      "skip": 0
    },
    {
      "type": "SET_STATE_SCHEMA",
      "input": {
        "schema": "type AtlasScopeState {\n  name: String\n  docNo: String # e.g, A.1\n  content: String # change to markdown later (includes links, tables...)\n  masterStatus: [Status!]! # Aggregation: MasterStatus can exist independently of Scope\n  globalTags: [GlobalTag!]!\n\toriginalContextData: [PHID!]!\n\tprovenance: URL # p0Hub backlink\n\tnotionId: String # verify if this can be changed to UUID type\n}\n\n\nenum Status {\n  PLACEHOLDER\n  PROVISIONAL # enables ecosystem participants to interact with the material in a practical context, resulting in valuable feedback or other data concerning the Document's appropriateness.\n  APPROVED # material instance can be integrated into the Atlas\n  DEFERRED\n  ARCHIVED\n}\n\nenum GlobalTag {\n    RECURSIVE_IMPROVEMENT,\n    SCOPE_ADVISOR,\n    DAO_TOOLKIT,\n    PURPOSE_SYSTEM,\n    ML__LOW_PRIORITY,\n    EXTERNAL_REFERENCE,\n    ML__DEFER,\n    SUBDAO_INCUBATION,\n    V1__MIP,\n    ML__HIGH_PRIORITY,\n    ECOSYSTEM_INTELLIGENCE,\n    LEGACY_TERM__USE_APPROVED,\n    CAIS,\n    INTERNAL_REFERENCE,\n    FACILITATORDAO,\n    ML___MED_PRIORITY,\n    AVC,\n    P0_HUB_ENTRY_NEEDED,\n    ANON_WORKFORCE,\n    NEWCHAIN,\n    ML_-_SUPPORT._DOCS_NEEDED,\n    SUBDAO_REWARDS,\n    TWO-STAGE_BRIDGE,\n}\n",
        "scope": "global"
      },
      "scope": "global",
      "id": "84d7d455-acd1-4d4f-8dfa-c1bf13597ae7",
      "index": 10,
      "timestamp": "2024-12-04T08:34:38.584Z",
      "hash": "RPU2yDUErLbFCme3tmGOCdNXaKI=",
      "skip": 0
    },
    {
      "type": "SET_STATE_SCHEMA",
      "input": {
        "schema": "type AtlasScopeState {\n  name: String\n  docNo: String # e.g, A.1\n  content: String # change to markdown later (includes links, tables...)\n  masterStatus: [Status!]! # Aggregation: MasterStatus can exist independently of Scope\n  globalTags: [GlobalTag!]!\n\toriginalContextData: [PHID!]!\n\tprovenance: URL # p0Hub backlink\n\tnotionId: String # verify if this can be changed to UUID type\n}\n\n\nenum Status {\n  PLACEHOLDER\n  PROVISIONAL # enables ecosystem participants to interact with the material in a practical context, resulting in valuable feedback or other data concerning the Document's appropriateness.\n  APPROVED # material instance can be integrated into the Atlas\n  DEFERRED\n  ARCHIVED\n}\n\nenum GlobalTag {\n    RECURSIVE_IMPROVEMENT,\n    SCOPE_ADVISOR,\n    DAO_TOOLKIT,\n    PURPOSE_SYSTEM,\n    ML__LOW_PRIORITY,\n    EXTERNAL_REFERENCE,\n    ML__DEFER,\n    SUBDAO_INCUBATION,\n    V1__MIP,\n    ML__HIGH_PRIORITY,\n    ECOSYSTEM_INTELLIGENCE,\n    LEGACY_TERM__USE_APPROVED,\n    CAIS,\n    INTERNAL_REFERENCE,\n    FACILITATORDAO,\n    ML___MED_PRIORITY,\n    AVC,\n    P0_HUB_ENTRY_NEEDED,\n    ANON_WORKFORCE,\n    NEWCHAIN,\n    ML__SUPPORT._DOCS_NEEDED,\n    SUBDAO_REWARDS,\n    TWO-STAGE_BRIDGE,\n}\n",
        "scope": "global"
      },
      "scope": "global",
      "id": "3def3c73-98fd-49f5-abf9-5a0174b29eca",
      "index": 11,
      "timestamp": "2024-12-04T08:34:40.710Z",
      "hash": "aKd7iSYE2U9CA9lCHRRswVioHdk=",
      "skip": 0
    },
    {
      "type": "SET_STATE_SCHEMA",
      "input": {
        "schema": "type AtlasScopeState {\n  name: String\n  docNo: String # e.g, A.1\n  content: String # change to markdown later (includes links, tables...)\n  masterStatus: [Status!]! # Aggregation: MasterStatus can exist independently of Scope\n  globalTags: [GlobalTag!]!\n\toriginalContextData: [PHID!]!\n\tprovenance: URL # p0Hub backlink\n\tnotionId: String # verify if this can be changed to UUID type\n}\n\n\nenum Status {\n  PLACEHOLDER\n  PROVISIONAL # enables ecosystem participants to interact with the material in a practical context, resulting in valuable feedback or other data concerning the Document's appropriateness.\n  APPROVED # material instance can be integrated into the Atlas\n  DEFERRED\n  ARCHIVED\n}\n\nenum GlobalTag {\n    RECURSIVE_IMPROVEMENT,\n    SCOPE_ADVISOR,\n    DAO_TOOLKIT,\n    PURPOSE_SYSTEM,\n    ML__LOW_PRIORITY,\n    EXTERNAL_REFERENCE,\n    ML__DEFER,\n    SUBDAO_INCUBATION,\n    V1__MIP,\n    ML__HIGH_PRIORITY,\n    ECOSYSTEM_INTELLIGENCE,\n    LEGACY_TERM__USE_APPROVED,\n    CAIS,\n    INTERNAL_REFERENCE,\n    FACILITATORDAO,\n    ML___MED_PRIORITY,\n    AVC,\n    P0_HUB_ENTRY_NEEDED,\n    ANON_WORKFORCE,\n    NEWCHAIN,\n    ML__SUPPORT_DOCS_NEEDED,\n    SUBDAO_REWARDS,\n    TWO-STAGE_BRIDGE,\n}\n",
        "scope": "global"
      },
      "scope": "global",
      "id": "ce766c65-1bc2-4842-84a4-7cb9d5be8af1",
      "index": 12,
      "timestamp": "2024-12-04T08:34:42.140Z",
      "hash": "Xqmg7HDW6cV5mcgn/Hcln9F6PIU=",
      "skip": 0
    },
    {
      "type": "SET_STATE_SCHEMA",
      "input": {
        "schema": "type AtlasScopeState {\n  name: String\n  docNo: String # e.g, A.1\n  content: String # change to markdown later (includes links, tables...)\n  masterStatus: [Status!]! # Aggregation: MasterStatus can exist independently of Scope\n  globalTags: [GlobalTag!]!\n\toriginalContextData: [PHID!]!\n\tprovenance: URL # p0Hub backlink\n\tnotionId: String # verify if this can be changed to UUID type\n}\n\n\nenum Status {\n  PLACEHOLDER\n  PROVISIONAL # enables ecosystem participants to interact with the material in a practical context, resulting in valuable feedback or other data concerning the Document's appropriateness.\n  APPROVED # material instance can be integrated into the Atlas\n  DEFERRED\n  ARCHIVED\n}\n\nenum GlobalTag {\n    RECURSIVE_IMPROVEMENT,\n    SCOPE_ADVISOR,\n    DAO_TOOLKIT,\n    PURPOSE_SYSTEM,\n    ML__LOW_PRIORITY,\n    EXTERNAL_REFERENCE,\n    ML__DEFER,\n    SUBDAO_INCUBATION,\n    V1__MIP,\n    ML__HIGH_PRIORITY,\n    ECOSYSTEM_INTELLIGENCE,\n    LEGACY_TERM__USE_APPROVED,\n    CAIS,\n    INTERNAL_REFERENCE,\n    FACILITATORDAO,\n    ML___MED_PRIORITY,\n    AVC,\n    P0_HUB_ENTRY_NEEDED,\n    ANON_WORKFORCE,\n    NEWCHAIN,\n    ML__SUPPORT_DOCS_NEEDED,\n    SUBDAO_REWARDS,\n    TWOSTAGE_BRIDGE,\n}\n",
        "scope": "global"
      },
      "scope": "global",
      "id": "b1e06f9a-e214-4342-9f3a-7188d9b02fa8",
      "index": 13,
      "timestamp": "2024-12-04T08:34:44.643Z",
      "hash": "utptI3fcDKv43KVwImWJiAHhKCs=",
      "skip": 0
    },
    {
      "type": "SET_STATE_SCHEMA",
      "input": {
        "schema": "type AtlasScopeState {\n  name: String\n  docNo: String # e.g, A.1\n  content: String # change to markdown later (includes links, tables...)\n  masterStatus: [Status!]! # Aggregation: MasterStatus can exist independently of Scope\n  globalTags: [GlobalTag!]!\n\toriginalContextData: [PHID!]!\n\tprovenance: URL # p0Hub backlink\n\tnotionId: String # verify if this can be changed to UUID type\n}\n\n\nenum Status {\n  PLACEHOLDER\n  PROVISIONAL # enables ecosystem participants to interact with the material in a practical context, resulting in valuable feedback or other data concerning the Document's appropriateness.\n  APPROVED # material instance can be integrated into the Atlas\n  DEFERRED\n  ARCHIVED\n}\n\nenum GlobalTag {\n    RECURSIVE_IMPROVEMENT,\n    SCOPE_ADVISOR,\n    DAO_TOOLKIT,\n    PURPOSE_SYSTEM,\n    ML__LOW_PRIORITY,\n    EXTERNAL_REFERENCE,\n    ML__DEFER,\n    SUBDAO_INCUBATION,\n    V1__MIP,\n    ML__HIGH_PRIORITY,\n    ECOSYSTEM_INTELLIGENCE,\n    LEGACY_TERM__USE_APPROVED,\n    CAIS,\n    INTERNAL_REFERENCE,\n    FACILITATORDAO,\n    ML___MED_PRIORITY,\n    AVC,\n    P0_HUB_ENTRY_NEEDED,\n    ANON_WORKFORCE,\n    NEWCHAIN,\n    ML__SUPPORT_DOCS_NEEDED,\n    SUBDAO_REWARDS,\n    TWO_STAGE_BRIDGE,\n}\n",
        "scope": "global"
      },
      "scope": "global",
      "id": "9c2da825-d6e5-4168-bb5b-c9f9c390cf03",
      "index": 14,
      "timestamp": "2024-12-04T08:34:46.077Z",
      "hash": "FyPi4nOten8zDnXn2MCloKlMJgI=",
      "skip": 0
    },
    {
      "type": "SET_INITIAL_STATE",
      "input": {
        "initialValue": "{\n  \"name\": \"\",\n  \"docNo\": \"\",\n  \"content\": \"\",\n  \"masterStatus\": [],\n  \"globalTags\": [],\n  \"originalContextData\": [],\n  \"provenance\": \"\",\n  \"notionId\": \"\"\n}",
        "scope": "global"
      },
      "scope": "global",
      "id": "36db6134-9110-478c-9f3c-df4b6b937f87",
      "index": 15,
      "timestamp": "2024-12-04T08:34:48.304Z",
      "hash": "qZsp1488L1JGYHPyDzU3Rwbqhfc=",
      "skip": 0
    },
    {
      "type": "SET_MODEL_ID",
      "input": {
        "id": "sky/atlas-scope"
      },
      "scope": "global",
      "id": "afca7979-82e6-49a8-9263-010843c7785a",
      "index": 16,
      "timestamp": "2024-12-04T08:35:02.186Z",
      "hash": "R3yHI3pr2SJCWkQ9mW9wYvdxq20=",
      "skip": 0
    },
    {
      "type": "ADD_MODULE",
      "input": {
        "id": "2/eTg/KwCW6D1XeR6YY3A4SX/9g=",
        "name": "scope"
      },
      "scope": "global",
      "id": "abda1624-878b-4a3c-82c5-30e33aea6374",
      "index": 17,
      "timestamp": "2024-12-04T08:39:26.304Z",
      "hash": "TNid/y533OgWpstR8J1iGJWjuEM=",
      "skip": 0
    },
    {
      "type": "ADD_OPERATION",
      "input": {
        "id": "AlXgggfgadzPSthUlXryHzVT2QU=",
        "moduleId": "2/eTg/KwCW6D1XeR6YY3A4SX/9g=",
        "name": "UPDATE_SCOPE"
      },
      "scope": "global",
      "id": "416ca28c-d228-491d-a5bd-241a99c3bb14",
      "index": 18,
      "timestamp": "2024-12-04T08:39:34.905Z",
      "hash": "F9iNJPc4Bwrcg+Edd1G8Aqfg3M0=",
      "skip": 0
    },
    {
      "type": "SET_OPERATION_SCHEMA",
      "input": {
        "id": "AlXgggfgadzPSthUlXryHzVT2QU=",
        "schema": "input UpdateScopeInput {\n  \"Add your inputs here\"\n  _placeholder: String\n}"
      },
      "scope": "global",
      "id": "dd8b876e-5da0-40c4-8a64-cf8a7af1b32b",
      "index": 19,
      "timestamp": "2024-12-04T08:39:34.947Z",
      "hash": "o9DPEg0+P4ZHGdmS2WnWhj8lRAY=",
      "skip": 0
    },
    {
      "type": "SET_OPERATION_DESCRIPTION",
      "input": {
        "id": "AlXgggfgadzPSthUlXryHzVT2QU=",
        "description": "Updates an existing Scope in the ScopeState. Only the fields provided in the input will be updated; all other fields remain unchanged. "
      },
      "scope": "global",
      "id": "f6fbfca2-157b-42df-8af5-91b789435150",
      "index": 20,
      "timestamp": "2024-12-04T08:39:41.558Z",
      "hash": "7m0UtHqkW13+uKzw1yh9hjMmO/w=",
      "skip": 0
    },
    {
      "type": "SET_OPERATION_SCHEMA",
      "input": {
        "id": "AlXgggfgadzPSthUlXryHzVT2QU=",
        "schema": "input UpdateScope {\n  id: OID!\n  name: String\n  docNo: String\n  content: String\n  masterStatus: [MasterStatusInput]\n  globalTags: [String]\n  articles: [ArticleRefInput]\n  originalContextData: [OriginalContextDataRefInput]\n  provenance: String\n}\n"
      },
      "scope": "global",
      "id": "470e3532-b4a2-4cbb-ac64-7c464d44790e",
      "index": 21,
      "timestamp": "2024-12-04T08:39:48.031Z",
      "hash": "1NpOnVrtn87l3Q7B+CTPQjtb6+Q=",
      "skip": 0
    },
    {
      "type": "SET_OPERATION_SCHEMA",
      "input": {
        "id": "AlXgggfgadzPSthUlXryHzVT2QU=",
        "schema": "input UpdateScopeiNPOUT {\n  id: OID!\n  name: String\n  docNo: String\n  content: String\n  masterStatus: [MasterStatusInput]\n  globalTags: [String]\n  articles: [ArticleRefInput]\n  originalContextData: [OriginalContextDataRefInput]\n  provenance: String\n}\n"
      },
      "scope": "global",
      "id": "1ccf241f-4355-49a3-8c5f-b679fa1c602f",
      "index": 22,
      "timestamp": "2024-12-04T08:39:52.956Z",
      "hash": "eFVQL3ERV7ACtqezv100J1Vm8vc=",
      "skip": 0
    },
    {
      "type": "SET_OPERATION_SCHEMA",
      "input": {
        "id": "AlXgggfgadzPSthUlXryHzVT2QU=",
        "schema": "input UpdateScope {\n  id: OID!\n  name: String\n  docNo: String\n  content: String\n  masterStatus: [MasterStatusInput]\n  globalTags: [String]\n  articles: [ArticleRefInput]\n  originalContextData: [OriginalContextDataRefInput]\n  provenance: String\n}\n"
      },
      "scope": "global",
      "id": "cadab2fd-dffd-4896-9e19-b34eb43e05f5",
      "index": 23,
      "timestamp": "2024-12-04T08:39:54.431Z",
      "hash": "1NpOnVrtn87l3Q7B+CTPQjtb6+Q=",
      "skip": 0
    },
    {
      "type": "SET_OPERATION_SCHEMA",
      "input": {
        "id": "AlXgggfgadzPSthUlXryHzVT2QU=",
        "schema": "input UpdateScopeInput {\n  id: OID!\n  name: String\n  docNo: String\n  content: String\n  masterStatus: [MasterStatusInput]\n  globalTags: [String]\n  articles: [ArticleRefInput]\n  originalContextData: [OriginalContextDataRefInput]\n  provenance: String\n}\n"
      },
      "scope": "global",
      "id": "45e780f0-58af-48c6-a301-3a62c0a53f3f",
      "index": 24,
      "timestamp": "2024-12-04T08:39:55.729Z",
      "hash": "5dY6XiylHUJWeytWibWJAhNzQbc=",
      "skip": 0
    },
    {
      "type": "SET_OPERATION_SCHEMA",
      "input": {
        "id": "AlXgggfgadzPSthUlXryHzVT2QU=",
        "schema": "input UpdateScopeInput {\n  id: OID!\n  name: String\n  docNo: String\n  content: String\n  masterStatus: [tatusInput]\n  globalTags: [String]\n  articles: [ArticleRefInput]\n  originalContextData: [OriginalContextDataRefInput]\n  provenance: String\n}\n"
      },
      "scope": "global",
      "id": "932a5a4c-c7c5-410f-812e-8f24d2927d81",
      "index": 25,
      "timestamp": "2024-12-04T08:40:04.805Z",
      "hash": "tLukv91y/TrfzfxZj7ZvmDrYdEc=",
      "skip": 0
    },
    {
      "type": "SET_OPERATION_SCHEMA",
      "input": {
        "id": "AlXgggfgadzPSthUlXryHzVT2QU=",
        "schema": "input UpdateScopeInput {\n  id: OID!\n  name: String\n  docNo: String\n  content: String\n  masterStatus: [StatusInput]\n  globalTags: [String]\n  articles: [ArticleRefInput]\n  originalContextData: [OriginalContextDataRefInput]\n  provenance: String\n}\n"
      },
      "scope": "global",
      "id": "a2ce2793-ddbf-449f-9bb8-e4bcfabcaa7a",
      "index": 26,
      "timestamp": "2024-12-04T08:40:06.510Z",
      "hash": "t9PFtrD2fD5qGZTNbKcagQGzPHs=",
      "skip": 0
    },
    {
      "type": "SET_OPERATION_SCHEMA",
      "input": {
        "id": "AlXgggfgadzPSthUlXryHzVT2QU=",
        "schema": "input UpdateScopeInput {\n  id: OID!\n  name: String\n  docNo: String\n  content: String\n  masterStatus: [StatustatusInput]\n  globalTags: [String]\n  articles: [ArticleRefInput]\n  originalContextData: [OriginalContextDataRefInput]\n  provenance: String\n}\n"
      },
      "scope": "global",
      "id": "3edc9902-6762-4b11-8c65-3dc1d47d84e5",
      "index": 27,
      "timestamp": "2024-12-04T08:40:07.468Z",
      "hash": "C86QAZxoTmYTyW+uJEZR5jRM8cI=",
      "skip": 0
    },
    {
      "type": "SET_OPERATION_SCHEMA",
      "input": {
        "id": "AlXgggfgadzPSthUlXryHzVT2QU=",
        "schema": "input UpdateScopeInput {\n  id: OID!\n  name: String\n  docNo: String\n  content: String\n  masterStatus: [Status]\n  globalTags: [String]\n  articles: [ArticleRefInput]\n  originalContextData: [OriginalContextDataRefInput]\n  provenance: String\n}\n"
      },
      "scope": "global",
      "id": "d1d0715d-0b68-461c-b2e9-e3b30654e69f",
      "index": 28,
      "timestamp": "2024-12-04T08:40:10.125Z",
      "hash": "1xbEEG7RFNB8uuaiegdRRbX5Kac=",
      "skip": 0
    },
    {
      "type": "SET_OPERATION_SCHEMA",
      "input": {
        "id": "AlXgggfgadzPSthUlXryHzVT2QU=",
        "schema": "input UpdateScopeInput {\n  id: OID!\n  name: String\n  docNo: String\n  content: String\n  masterStatus: [Status]\n  globalTags: [String]\n  originalContextData: [OriginalContextDataRefInput]\n  provenance: String\n}\n"
      },
      "scope": "global",
      "id": "766ba343-0861-409f-86b2-a29f8868c184",
      "index": 29,
      "timestamp": "2024-12-04T08:40:26.342Z",
      "hash": "jYe4rGPP8YRgO7z/Gx4iMBhRA7o=",
      "skip": 0
    },
    {
      "type": "SET_OPERATION_SCHEMA",
      "input": {
        "id": "AlXgggfgadzPSthUlXryHzVT2QU=",
        "schema": "input UpdateScopeInput {\n  id: OID!\n  name: String\n  docNo: String\n  content: String\n  masterStatus: [Status]\n  globalTags: [String]\n  originalContextData: [PHID]\n  provenance: String\n}\n"
      },
      "scope": "global",
      "id": "9d641c94-f5dd-47b3-ac87-72565164170f",
      "index": 30,
      "timestamp": "2024-12-04T08:40:43.931Z",
      "hash": "Eqh/uw3lIQpzXJIrvTM8devB1II=",
      "skip": 0
    },
    {
      "type": "SET_OPERATION_SCHEMA",
      "input": {
        "id": "AlXgggfgadzPSthUlXryHzVT2QU=",
        "schema": "input UpdateScopeInput {\n  id: OID!\n  name: String\n  docNo: String\n  content: String\n  masterStatus: [Status]\n  globalTags: [String]\n  originalContextData: [PHID]\n  provenance: String\n}\n"
      },
      "scope": "global",
      "id": "eb14962a-a135-4043-b112-1f0372fb4405",
      "index": 31,
      "timestamp": "2024-12-04T08:40:45.369Z",
      "hash": "Eqh/uw3lIQpzXJIrvTM8devB1II=",
      "skip": 0
    },
    {
      "type": "SET_OPERATION_SCHEMA",
      "input": {
        "id": "AlXgggfgadzPSthUlXryHzVT2QU=",
        "schema": "input UpdateScopeInput {\n  id: OID!\n  name: String\n  docNo: String\n  content: String\n  masterStatus: [Status!]\n  globalTags: [String]\n  originalContextData: [PHID]\n  provenance: String\n}\n"
      },
      "scope": "global",
      "id": "5f1c18ef-3ff5-4b24-8f59-119dfb53f519",
      "index": 32,
      "timestamp": "2024-12-04T08:40:52.325Z",
      "hash": "6bHdaWZUpELtTHSRFjk1hIDVMt8=",
      "skip": 0
    },
    {
      "type": "SET_OPERATION_SCHEMA",
      "input": {
        "id": "AlXgggfgadzPSthUlXryHzVT2QU=",
        "schema": "input UpdateScopeInput {\n  id: OID!\n  name: String\n  docNo: String\n  content: String\n  masterStatus: [Status!]!\n  globalTags: [String]\n  originalContextData: [PHID]\n  provenance: String\n}\n"
      },
      "scope": "global",
      "id": "1f85a2b0-c332-413d-bef0-3a6bc76f4d14",
      "index": 33,
      "timestamp": "2024-12-04T08:40:54.477Z",
      "hash": "ftpCit3703SA9Ru4+/hwV805Tts=",
      "skip": 0
    },
    {
      "type": "SET_OPERATION_SCHEMA",
      "input": {
        "id": "AlXgggfgadzPSthUlXryHzVT2QU=",
        "schema": "input UpdateScopeInput {\n  id: OID!\n  name: String\n  docNo: String\n  content: String\n  masterStatus: [Status!]!\n  globalTags: [String]\n  originalContextData: [PHID!]\n  provenance: String\n}\n"
      },
      "scope": "global",
      "id": "7331ebfe-7b24-4b6a-9605-a3c1677812d1",
      "index": 34,
      "timestamp": "2024-12-04T08:40:56.601Z",
      "hash": "vMZTonsQcjOrGy6Si5niKD9nQyI=",
      "skip": 0
    },
    {
      "type": "SET_OPERATION_SCHEMA",
      "input": {
        "id": "AlXgggfgadzPSthUlXryHzVT2QU=",
        "schema": "input UpdateScopeInput {\n  id: OID!\n  name: String\n  docNo: String\n  content: String\n  masterStatus: [Status!]!\n  globalTags: [String]\n  originalContextData: [PHID!]!\n  provenance: String\n}\n"
      },
      "scope": "global",
      "id": "6796065c-9407-4e2e-a52f-daf92357c9ad",
      "index": 35,
      "timestamp": "2024-12-04T08:40:57.155Z",
      "hash": "xuRP5VRqRSWrDeONXAQFKaAvd2o=",
      "skip": 0
    },
    {
      "type": "SET_OPERATION_SCHEMA",
      "input": {
        "id": "AlXgggfgadzPSthUlXryHzVT2QU=",
        "schema": "input UpdateScopeInput {\n  id: OID!\n  name: String\n  docNo: String\n  content: String\n  masterStatus: [Status!]!\n  globalTags: [String]\n  originalContextData: [PHID!]!\n  provenance: URL\n}\n"
      },
      "scope": "global",
      "id": "cdec1a44-5c8f-4165-a265-fc78d0446305",
      "index": 36,
      "timestamp": "2024-12-04T08:41:05.756Z",
      "hash": "Ku5sPjG/cQdeY7asLZ3kAV6AGCo=",
      "skip": 0
    },
    {
      "type": "SET_OPERATION_SCHEMA",
      "input": {
        "id": "AlXgggfgadzPSthUlXryHzVT2QU=",
        "schema": "input UpdateScopeInput {\n  id: OID!\n  name: String\n  docNo: String\n  content: String\n  masterStatus: [Status!]!\n  globalTags: [String]\n  originalContextData: [PHID!]!\n  provenance: URL\n}\n"
      },
      "scope": "global",
      "id": "066b340e-4dfc-4d26-b887-14323e261b1f",
      "index": 37,
      "timestamp": "2024-12-04T08:41:06.865Z",
      "hash": "Ku5sPjG/cQdeY7asLZ3kAV6AGCo=",
      "skip": 0
    },
    {
      "type": "SET_OPERATION_SCHEMA",
      "input": {
        "id": "AlXgggfgadzPSthUlXryHzVT2QU=",
        "schema": "input UpdateScopeInput {\n  masterStatus: [Status!]!\n  globalTags: [GlobalTag!]!\n}"
      },
      "scope": "global",
      "id": "b8747edb-9f65-4fbf-9fb5-d8cfaf2bad4a",
      "index": 38,
      "timestamp": "2024-12-17T10:46:32.486Z",
      "hash": "OuDgsPVOFVbeTpo5bkOBVqkANNg=",
      "skip": 0
    },
    {
      "type": "ADD_OPERATION",
      "input": {
        "id": "P+i2e0rrlMbANrNNYIGcLZDpwWM=",
        "moduleId": "2/eTg/KwCW6D1XeR6YY3A4SX/9g=",
        "name": "POPULATE_SCOPE"
      },
      "scope": "global",
      "id": "67160580-0de3-4e30-93ed-f0442b1a1a88",
      "index": 39,
      "timestamp": "2024-12-17T10:47:09.495Z",
      "hash": "S1XkhPPUjycctbkd6gfgadg4C5Q=",
      "skip": 0
    },
    {
      "type": "SET_OPERATION_SCHEMA",
      "input": {
        "id": "P+i2e0rrlMbANrNNYIGcLZDpwWM=",
        "schema": "input PopulateScopeInput {\n  \"Add your inputs here\"\n  _placeholder: String\n}"
      },
      "scope": "global",
      "id": "c463d4f6-1538-40a2-a69f-f9ab4f415827",
      "index": 40,
      "timestamp": "2024-12-17T10:47:09.524Z",
      "hash": "BjUoZWrvSNgcp8Rba4ZT2XfbD/c=",
      "skip": 0
    },
    {
      "type": "SET_OPERATION_SCHEMA",
      "input": {
        "id": "P+i2e0rrlMbANrNNYIGcLZDpwWM=",
        "schema": "input PopulateScopeInput {\n  name: String\n  docNo: String # e.g, A.1\n  content: String # change to markdown later (includes links, tables...)\n  masterStatus: [Status!]! \n  globalTags: [GlobalTag!]!\n\toriginalContextData: [PHID!]!\n\tprovenance: URL # p0Hub backlink\n\tnotionId: String # verify if this can be changed to UUID type\n}"
      },
      "scope": "global",
      "id": "4273d7ad-ec66-40d5-b125-4018bb29e632",
      "index": 41,
      "timestamp": "2024-12-17T10:47:11.955Z",
      "hash": "GENoezGRf8VMKz7qB21FWjwvnNc=",
      "skip": 0
    },
    {
      "type": "SET_OPERATION_DESCRIPTION",
      "input": {
        "id": "P+i2e0rrlMbANrNNYIGcLZDpwWM=",
        "description": "Populates a Scope in the with live data. "
      },
      "scope": "global",
      "id": "aff5e624-7d40-4782-a1f1-a5285998bba1",
      "index": 42,
      "timestamp": "2024-12-17T10:47:50.415Z",
      "hash": "JNm0TW5Ewv1Cn/fpXtFiwNNZp8M=",
      "skip": 0
    },
    {
      "type": "SET_OPERATION_SCHEMA",
      "input": {
        "id": "AlXgggfgadzPSthUlXryHzVT2QU=",
        "schema": "input UpdateScopeInput {\n  masterStatus: [Status!]\n  globalTags: [GlobalTag!]\n}"
      },
      "scope": "global",
      "id": "30b67c9a-017f-4bc6-b672-19ebb1b3ece5",
      "index": 43,
      "timestamp": "2024-12-17T10:56:26.849Z",
      "hash": "vF+MfHklApXbcnYHLtPwYjGAYP0=",
      "skip": 0
    },
    {
      "type": "SET_OPERATION_SCHEMA",
      "input": {
        "id": "P+i2e0rrlMbANrNNYIGcLZDpwWM=",
        "schema": "input PopulateScopeInput {\n  name: String\n  docNo: String # e.g, A.1\n  content: String # change to markdown later (includes links, tables...)\n  masterStatus: [Status!]\n  globalTags: [GlobalTag!\n\toriginalContextData: [PHID!]!\n\tprovenance: URL # p0Hub backlink\n\tnotionId: String # verify if this can be changed to UUID type\n}"
      },
      "scope": "global",
      "id": "1e85353a-506c-4dc8-af59-20269b0689b4",
      "index": 44,
      "timestamp": "2024-12-17T10:56:29.233Z",
      "hash": "BCZo0tVRRS16HYCK6Or3O96oZSw=",
      "skip": 0
    },
    {
      "type": "SET_OPERATION_SCHEMA",
      "input": {
        "id": "P+i2e0rrlMbANrNNYIGcLZDpwWM=",
        "schema": "input PopulateScopeInput {\n  name: String\n  docNo: String # e.g, A.1\n  content: String # change to markdown later (includes links, tables...)\n  masterStatus: [Status!]\n  globalTags: [GlobalTag!]!\n\toriginalContextData: [PHID!]!\n\tprovenance: URL # p0Hub backlink\n\tnotionId: String # verify if this can be changed to UUID type\n}"
      },
      "scope": "global",
      "id": "f0e1acad-fe84-4021-89c8-529859ee6864",
      "index": 45,
      "timestamp": "2024-12-17T10:56:31.136Z",
      "hash": "4zk0iqa1Kya4/X+xpVfe+GqdGu4=",
      "skip": 0
    },
    {
      "type": "SET_OPERATION_SCHEMA",
      "input": {
        "id": "P+i2e0rrlMbANrNNYIGcLZDpwWM=",
        "schema": "input PopulateScopeInput {\n  name: String\n  docNo: String # e.g, A.1\n  content: String # change to markdown later (includes links, tables...)\n  masterStatus: [Status!]\n  globalTags: [GlobalTag!]\n\toriginalContextData: [PHID!]!\n\tprovenance: URL # p0Hub backlink\n\tnotionId: String # verify if this can be changed to UUID type\n}"
      },
      "scope": "global",
      "id": "b6969270-df53-47e9-b373-a932ca0d698d",
      "index": 46,
      "timestamp": "2024-12-17T10:56:32.507Z",
      "hash": "fnLurqQGIhozTTfQkOKMFI52fGE=",
      "skip": 0
    },
    {
      "type": "SET_OPERATION_SCHEMA",
      "input": {
        "id": "P+i2e0rrlMbANrNNYIGcLZDpwWM=",
        "schema": "input PopulateScopeInput {\n  name: String\n  docNo: String # e.g, A.1\n  content: String # change to markdown later (includes links, tables...)\n  masterStatus: [Status!]\n  globalTags: [GlobalTag!]\n\toriginalContextData: [PHID!]\n\tprovenance: URL # p0Hub backlink\n\tnotionId: String # verify if this can be changed to UUID type\n}"
      },
      "scope": "global",
      "id": "42c32f34-60c8-4f6d-8116-d70fb1663fc4",
      "index": 47,
      "timestamp": "2024-12-17T10:56:34.140Z",
      "hash": "19gQMwDsT1u9GZYON5/p4KGn+AE=",
      "skip": 0
    },
    {
      "type": "SET_STATE_SCHEMA",
      "input": {
        "schema": "type AtlasScopeState {\n  name: String\n  docNo: String # e.g, A.1\n  content: String # change to markdown later (includes links, tables...)\n  masterStatus: Status # Aggregation: MasterStatus can exist independently of Scope\n  globalTags: [GlobalTag!]!\n\toriginalContextData: [PHID!]!\n\tprovenance: URL # p0Hub backlink\n\tnotionId: String # verify if this can be changed to UUID type\n}\n\n\nenum Status {\n  PLACEHOLDER\n  PROVISIONAL # enables ecosystem participants to interact with the material in a practical context, resulting in valuable feedback or other data concerning the Document's appropriateness.\n  APPROVED # material instance can be integrated into the Atlas\n  DEFERRED\n  ARCHIVED\n}\n\nenum GlobalTag {\n    RECURSIVE_IMPROVEMENT,\n    SCOPE_ADVISOR,\n    DAO_TOOLKIT,\n    PURPOSE_SYSTEM,\n    ML__LOW_PRIORITY,\n    EXTERNAL_REFERENCE,\n    ML__DEFER,\n    SUBDAO_INCUBATION,\n    V1__MIP,\n    ML__HIGH_PRIORITY,\n    ECOSYSTEM_INTELLIGENCE,\n    LEGACY_TERM__USE_APPROVED,\n    CAIS,\n    INTERNAL_REFERENCE,\n    FACILITATORDAO,\n    ML___MED_PRIORITY,\n    AVC,\n    P0_HUB_ENTRY_NEEDED,\n    ANON_WORKFORCE,\n    NEWCHAIN,\n    ML__SUPPORT_DOCS_NEEDED,\n    SUBDAO_REWARDS,\n    TWO_STAGE_BRIDGE,\n}\n",
        "scope": "global"
      },
      "scope": "global",
      "id": "dd6247ac-08ea-49ae-8ef8-218217cc7d75",
      "index": 48,
      "timestamp": "2025-01-09T14:13:47.814Z",
      "hash": "puCFOJttYLcd3trkS20lF6gahe8=",
      "skip": 0
    },
    {
      "type": "SET_OPERATION_SCHEMA",
      "input": {
        "id": "AlXgggfgadzPSthUlXryHzVT2QU=",
        "schema": "input UpdateScopeInput {\n  masterStatus: Status!\n  globalTags: [GlobalTag!]\n}"
      },
      "scope": "global",
      "id": "48c0db83-6543-41d5-bf3e-bc67a1dccb8f",
      "index": 49,
      "timestamp": "2025-01-09T14:24:33.043Z",
      "hash": "Pbh8gOdy7k5/9WV/k8K9oHhvnR0=",
      "skip": 0
    },
    {
      "type": "SET_OPERATION_SCHEMA",
      "input": {
        "id": "AlXgggfgadzPSthUlXryHzVT2QU=",
        "schema": "input UpdateScopeInput {\n  masterStatus: Status\n  globalTags: [GlobalTag!]\n}"
      },
      "scope": "global",
      "id": "bf846371-0cb8-442d-8c76-ec69d27c9f25",
      "index": 50,
      "timestamp": "2025-01-09T14:24:47.252Z",
      "hash": "AZ8knOOBUM/ih7KfeDRyV9bZbYs=",
      "skip": 0
    },
    {
      "type": "SET_OPERATION_SCHEMA",
      "input": {
        "id": "P+i2e0rrlMbANrNNYIGcLZDpwWM=",
        "schema": "input PopulateScopeInput {\n  name: String\n  docNo: String # e.g, A.1\n  content: String # change to markdown later (includes links, tables...)\n  masterStatus: Status\n  globalTags: [GlobalTag!]\n\toriginalContextData: [PHID!]\n\tprovenance: URL # p0Hub backlink\n\tnotionId: String # verify if this can be changed to UUID type\n}"
      },
      "scope": "global",
      "id": "732689ac-f571-4154-97a8-a29616bf7d2c",
      "index": 51,
      "timestamp": "2025-01-09T14:24:51.527Z",
      "hash": "kTpODgfD3toeftnx3pSvYCe/0NM=",
      "skip": 0
    },
    {
      "type": "SET_MODEL_DESCRIPTION",
      "input": {
        "description": "No-parent document type (Scope): Defines broad boundaries, principles, and objectives for focus areas."
      },
      "scope": "global",
      "id": "7cd78b72-71cd-486f-9d80-1b853ac8ab73",
      "index": 52,
      "timestamp": "2025-01-16T15:13:42.904Z",
      "hash": "6ONv3qxa3OwIQ8hvOTKMURMJHFk=",
      "skip": 0
    }
  ],
  "local": []
}